{
  "base_fee_gwei": 0.121052118,
  "base_fee_per_gas_wei": 121052118,
  "block_number": 25103456,
  "gas_price_gwei": 0.121052218,
  "gas_price_wei": 121052218
}